{
  "fp_1774476169102_801634a7": {
    "lastQueuedAt": 1774476240.0426419
  },
  "fp_1774476078716_0111946a": {
    "lastQueuedAt": 1774476240.0426419
  }
}